extra,222.7,,tmp extra,0,,percentage,0.6,,,,,,,,,,,,
,,,,,,,,,,,,,,,,,,,
Date,loan1,loan2,Condo fee,Car loan,internet,Parents,cleaning,Baby sitter,Joint2984-0855,Joint3865-2220,ubercc,electricity,Alice Saving,Gas,tuition,Other,Total,Susan,Fred
2017-06-01,2631,297.98,178.75,359.38,116.09,702,100,150,2513.56,0,,90.09,0,65.25,968,,8172.1,3863.35,4308.75
2017-07-01,2631,297.98,178.75,360.38,116.09,550,100,90,2281.21,60.55,,101,0,47.13,969,,7783.09,3668.845,4114.245
2017-08-01,2631,297.98,178.75,359.38,238.18,580,100,100,415.21,1892.1,,137.99,0,25.09,968,,7923.68,3739.14,4184.54
2017-09-01,2631,297.98,178.75,359.38,183.18,660,120,100,1662.92,2174.32,,113.56,0,18.9,968,,9467.99,4511.295,4956.695
2017-10-01,2631,297.98,178.75,359.38,183.18,585,100,100,674.59,1710.92,,103.09,0,22.7,968,,7914.59,3734.595,4179.995
2017-11-01,2631,297.98,178.75,359.38,183.18,650,100,82.5,863.96,1693.55,,112.13,0,21.32,968,,8141.75,3848.175,4293.575
2017-12-01,2631,297.98,178.75,359.38,183.18,810,100,90,567.68,1757.68,,94.06,0,52.67,1033,,8155.38,3854.99,4300.39
2018-01-01,2703.58,297.98,178.75,359.38,91.52,550,120,0,1637.74,2162.95,,98.27,0,186.82,1350,,9736.99,3672.096,6064.894
2018-02-01,2671.24,0,178.75,359.38,0,450,100,52.5,1926.82,1313.23,,149.04,0,272.65,1350,,8823.61,3306.744,5516.866
2018-03-01,0,0,178.75,359.38,0,435,100,75,2315.31,1001.29,,122.96,0,191.57,1350,175,6304.26,2299.004,4005.256
2018-04-01,2674.52,0,178.75,359.38,0,450,100,100,2450.34,469.66,,136.98,0,205.55,1350,0,8475.18,3167.372,5307.808
2018-05-01,2674.52,0,0,359.38,0,500,100,0,2769.17,9.97,,118.23,0,207.34,1450,0,8188.61,3052.744,5135.866
2018-06-01,2674.52,0,178.75,359.38,0,500,100,0,2834.77,1323.93,,108.04,0,97.22,1350,0,9526.61,3587.944,5938.666
2018-07-01,2674.52,0,178.75,359.38,0,415,120,220,612.54,1942.13,,137.45,0,29.72,1350,0,8039.49,2993.096,5046.394
2018-08-01,2674.52,0,178.75,359.38,0,415,120,100,2130.33,1634.63,,167.87,0,19.56,1350,0,9150.04,3437.316,5712.724
2018-09-01,2674.52,0,178.75,359.38,0,431,100,100,3733.53,762.22,,166.1,0,19.21,1350,705,10579.71,4009.184,6570.526
2018-10-01,2674.52,0,178.75,359.38,0,500,100,100,2389.48,358.06,,129.06,0,18.9,1350,0,8158.15,3040.56,5117.59
2018-11-01,2674.52,0,178.75,359.38,0,442,100,0,735.91,2186.64,,102.5,0,27.42,1350,0,8157.12,3040.148,5116.972
2018-12-01,2674.52,0,178.75,359.38,0,638,100,110,545.14,2022.83,,103.63,0,79.26,1350,0,8161.51,3041.904,5119.606
2019-01-01,2674.52,0,178.75,359.38,0,452,100,100,1241.75,1733.23,,98.49,0,179.42,1350,0,8467.54,3164.316,5303.224
2019-02-01,2674.52,0,178.75,359.38,0,500,100,100,1140.3,2531.31,0,137.37,300,201.74,1350,0,9573.37,3606.648,5966.722
2019-03-01,2674.52,0,178.75,0,0,500,100,100,3481.67,1098.48,750.18,103.81,300,241,1350,0,10878.41,4128.664,6749.746
2019-04-01,2674.52,0,178.75,0,0,551,100,100,262.7,466,900.27,117.67,300,179.33,1350,3110,10290.24,3893.396,6396.844
2019-05-01,2674.52,0,178.75,141,0,500,120,100,369.78,731.72,1375.14,90.87,300,151.16,1350,0,8082.94,3010.476,5072.464
2019-06-01,2674.52,0,178.75,141,0,500,120,100,1060.52,847.82,1198.51,86.04,300,82.74,1350,0,8639.9,3233.26,5406.64
2019-07-01,2746.02,0,178.75,141,0,550,0,270,957.74,913.03,1252.68,92.21,300,42.48,1350,0,8793.91,3294.864,5499.046
2019-08-01,2746,1,179.75,142,0,550,100,140,907.68,518.76,1221.85,156.19,301,23.77,1351,0,8339,3112.9,5226.1
2019-09-01,2733.97,1,179.75,142,0,550,100,50,3662.7,845.29,1327.91,126.1,301,20.55,1351,1045.6,12436.87,4752.048,7684.822
2019-10-01,2733.97,1,179.75,142,0,580,100,100,651.63,774.8,1371.29,126.8,301,22.45,210,800,8094.69,3015.176,5079.514
2019-11-01,2733.97,0,179.75,142,0,640,100,0,701.46,801.32,1521.46,110.82,301,26.03,210,0,7467.81,2764.424,4703.386
2019-12-01,2733.97,0,179.75,142,0,590,100,150,797.26,1846.33,1910.1,85.77,301,61.59,210,0,9107.77,3420.408,5687.362
2020-01-01,2733.97,0,179.75,142,0,600,100,100,899.34,724.33,1513.18,111.95,301,181.66,210,0,7797.18,2896.172,4901.008
2020-02-01,2733.97,0,179.75,142,0,620,100,100,963.87,1096.81,2119.87,120.95,301,173,210,0,8861.22,3321.788,5539.432
2020-03-01,2733.97,0,179.75,142,0,600,100,120,453.07,1422.1,2068,98.83,301,177,210,0,8605.72,3219.588,5386.132
2020-04-01,2733.97,0,179.75,142,0,710,100,0,737,305.77,2016.65,106.61,301,156.33,210,0,7699.08,2856.932,4842.148
2020-05-01,2733.97,0,179.75,142,0,1002,0,0,950.39,460.43,1783.82,116.86,301,114.85,0,0,7785.07,2891.328,4893.742
2020-06-01,2733.97,0,179.75,142,0,990.2,0,0,1465.37,166.4,303.55,110.85,301,95.17,0,0,6488.26,2372.604,4115.656
2020-07-01,2733.97,0,179.75,142,0,800,120,0,327.85,167.57,819.95,147.52,301,30.55,200,0,5970.16,2165.364,3804.796
2020-08-01,2733.97,0,179.75,142,0,800,0,0,1274.42,0,1028.23,205.03,301,25.77,500,0,7190.17,2653.368,4536.802
2020-09-01,2748.62,0,179.75,142,0,850,100,0,1067.24,218.8,1326.16,267.15,300,25.4,0,0,7225.12,2667.348,4557.772
2020-10-01,2748.62,0,179.75,142,0,804.2,100,0,1803.88,25.98,"$1,424.87",148.61,300,21.35,0,0,7699.26,2857.004,4842.256
2020-11-01,2748.62,0,179.75,142,0,700,100,0,1743.56,273.68,"$1,675.79",137.51,300,25.43,0,0,8026.34,2987.836,5038.504
2020-12-01,2748.62,0,179.75,142,0,800,0,0,1257.68,577.81,"$1,795.88",135.96,300,57.71,0,0,7995.41,2975.464,5019.946
2021-01-01,2748.62,0,179.75,142,0,650,100,0,2236.31,241.74,"$1,131.10",130.52,300,131.66,0,800,8791.7,3293.98,5497.72
2021-02-01,2748.62,0,179.75,142,0,650,0,0,2098.88,260.18,"$1,640.69",127.68,300,175.06,0,500,8822.86,3306.444,5516.416
2021-03-01,2748.62,0,179.75,142,0,995,100,0,1482.1,296.21,"$1,271.33",154.11,300,196.05,0,0,7865.17,2923.368,4941.802
2021-04-01,2748.62,0,179.75,142,0,930,100,0,926.8,331.49,"$1,042.49",130.08,300,182.16,0,5184,12197.39,4656.256,7541.134
2021-05-01,2748.62,0,179.75,142,0,820,100,0,1702.87,564.1,"$1,727.31",131.68,300,112.46,0,0,8528.79,3188.816,5339.974
2021-06-01,2748.62,0,179.75,142,0,850,0,0,1175.11,70.03,"$1,481.35",150.47,300,70.53,0,0,7167.86,2644.444,4523.416
2021-07-01,2748.62,0,179.75,142,0,650,140,0,1945.46,275.1,"$5,635.53",198.04,300,26.74,0,2356,14597.24,5616.196,8981.044
2021-08-01,2748.62,0,179.75,142,0,850,140,0,1160.14,1979.77,"$2,241.56",212.71,300,25.52,0,0,9980.07,3769.328,6210.742
2021-09-01,2748.62,0,179.75,142,0,900,0,0,313.34,1062.18,"$4,414.16",211.45,300,24.11,0,0,10295.61,3895.544,6400.066
2021-10-01,2815.92,0,178.75,142,0,550,140,0,758.29,1392.2,"$2,345.17",229.2,300,25.98,0,840,9717.51,3664.304,6053.206
2021-11-01,2815.92,0,178.75,142,0,750,140,0,624.03,526.8,"$2,788.11",140.01,300,23.9,0,825,9254.52,3479.108,5775.412
2021-12-01,2815.92,0,178.75,142,0,600,140,0,645.49,242.38,"$3,349.63",133.24,300,65.85,0,800,9413.26,3542.604,5870.656
2022-01-01,2815.92,0,178.75,142,0,750,140,0,955.72,111.53,"$3,488.38",131.14,300,172.15,0,120,9305.59,3499.536,5806.054
2022-02-01,2815.92,0,178.75,142,0,1150,140,0,532.63,322.93,"$3,925.08",148.12,300,210.03,240,969,11074.46,4207.084,6867.376
2022-03-01,3000,0,178.75,142,0,750,140,0,623,126,"$2,456.98 ",168.75,300,250.05,240,0,8375.53,3127.512,5248.018
2022-04-01,3000,0,178.75,142,0,700,140,0,407.18,141.4,2532.38,148.12,300,188.95,368,2464,10710.78,4061.612,6649.168
2022-05-01,3000,0,178.75,142,0,750,140,0,1163.3,189.18,3263.94,149.75,300,149.75,400,0,9826.67,3707.968,6118.702
2022-06-01,3000,0,178.75,142,0,714,140,0,1195.62,194.86,4865.52,162.51,300,114.25,330,0,11337.51,4312.304,7025.206
2022-07-01,3000,0,178.75,142,0,600,140,0,500,467,4119.48,197.8,300,42,330,0,10017.03,3784.112,6232.918
2022-08-01,3000,0,178.75,142,0,734,140,0,580.37,4785.2,4144.96,276.52,300,37.07,0,0,14318.87,5504.848,8814.022
2022-09-01,3000,0,178.75,142,0,650,140,0,126.98,1236.05,3933.63,264.16,300,29.34,0,0,10000.91,3777.664,6223.246
2022-10-01,3000,0,178.75,142,0,700,140,0,616.95,2196.63,6141.46,256.94,300,32.24,240,135,14079.97,5409.288,8670.682
2022-11-01,3000,0,178.75,142,0,550,140,0,727.74,336.98,4262.81,148.08,300,54.58,520,234,10594.94,4015.276,6579.664
2022-12-01,3000,0,178.75,142,0,550,140,0,260.32,730.52,4142.71,144.47,300,88.8,520,234,10431.57,3949.928,6481.642
2023-01-01,3000,0,178.75,142,0,635,140,0,1144,316,4052.53,161.14,300,218.89,988,670,11946.31,4555.824,7390.486
2023-02-01,3000,0,178.75,142,0,762,140,0,905.89,266.37,5978.66,191.46,300,263.99,620,234,12983.12,4970.548,8012.572
2023-03-01,3000,0,178.75,142,0,625,140,0,1104,373,3283.34,166,300,278,620,234,10444.09,3954.936,6489.154
2023-04-01,3000,0,178.75,142,0,550,140,0,393,232,2864.4,162,300,211,620,651,9444.15,3554.96,5889.19
2023-05-01,3000,0,178.75,142,0,650,140,0,975,1208,3919,151.2,300,151.2,620,234,11669.15,4444.96,7224.19
2023-06-01,3000,0,178.75,142,0,730,140,0,407.83,523.63,3801.46,173.95,300,85.86,620,234,10337.48,3912.292,6425.188
2023-07-01,3000,0,178.75,142,0,650,140,0,268,1036,4931,172,300,45.35,470,0,11333.1,4310.54,7022.56
2023-08-01,3000,0,178.75,142,0,1000,140,0,811.6,811.84,3636.52,283.31,300,28.79,470,150,10952.81,4158.424,6794.386
2023-09-01,3000,0,178.75,142,0,844,140,0,230.11,328.03,6548.53,235,300,23.87,590,1379,13939.29,5353.016,8586.274
2023-10-01,3000,0,178.75,142,0,800,140,0,303,57,8386.75,226,300,31,590,1250,15404.5,5939.1,9465.4
2023-11-01,3000,0,178.75,142,0,723,140,0,241,334,3898.98,167.68,300,28,590,342,10085.41,3811.464,6273.946
2023-12-01,3000,0,178.75,142,0,800,140,0,477,1023,4130,143.76,300,85,590,0,11009.51,4181.104,6605.706
2024-01-01,3000,0,178.75,142,0,750,140,0,517.01,3384,5229,159,300,194.3,622,0,14616.06,5623.724,8769.636
